{
    "loss": 0.4528198838233948,
    "accuracy": 0.9655172228813171
}